,plant_max_temp,plant_min_temp,plant_mean_temp,plant_median_temp,plant_thermal_frequencies
0,1251.0,1233.0,1241.2865168539327,1241.0,"[0.11235955056179776, 0.0, 0.0, 0.0, 0.0, 0.7865168539325843, 0.0, 0.0, 0.0, 0.0, 0.0, 2.134831460674157, 0.0, 0.0, 0.0, 0.0, 4.382022471910112, 0.0, 0.0, 0.0, 0.0, 0.0, 5.056179775280898, 0.0, 0.0, 0.0, 0.0, 8.876404494382022, 0.0, 0.0, 0.0, 0.0, 0.0, 11.685393258426966, 0.0, 0.0, 0.0, 0.0, 10.337078651685392, 0.0, 0.0, 0.0, 0.0, 0.0, 11.123595505617978, 0.0, 0.0, 0.0, 0.0, 0.0, 9.213483146067416, 0.0, 0.0, 0.0, 0.0, 10.89887640449438, 0.0, 0.0, 0.0, 0.0, 0.0, 6.741573033707865, 0.0, 0.0, 0.0, 0.0, 6.292134831460674, 0.0, 0.0, 0.0, 0.0, 0.0, 5.056179775280898, 0.0, 0.0, 0.0, 0.0, 4.382022471910112, 0.0, 0.0, 0.0, 0.0, 0.0, 1.7977528089887642, 0.0, 0.0, 0.0, 0.0, 0.5617977528089888, 0.0, 0.0, 0.0, 0.0, 0.0, 0.33707865168539325, 0.0, 0.0, 0.0, 0.0, 0.22471910112359553]"
1,1251.0,1230.0,1239.96548004315,1240.0,"[0.2157497303128371, 0.0, 0.0, 0.0, 0.8629989212513484, 0.0, 0.0, 0.0, 0.0, 1.2944983818770228, 0.0, 0.0, 0.0, 0.0, 3.7756202804746493, 0.0, 0.0, 0.0, 0.0, 7.335490830636461, 0.0, 0.0, 0.0, 8.414239482200648, 0.0, 0.0, 0.0, 0.0, 7.5512405609492985, 0.0, 0.0, 0.0, 0.0, 6.903991370010787, 0.0, 0.0, 0.0, 0.0, 7.659115426105717, 0.0, 0.0, 0.0, 5.825242718446602, 0.0, 0.0, 0.0, 0.0, 5.285868392664509, 0.0, 0.0, 0.0, 0.0, 5.501618122977346, 0.0, 0.0, 0.0, 0.0, 5.93311758360302, 0.0, 0.0, 0.0, 5.501618122977346, 0.0, 0.0, 0.0, 0.0, 5.501618122977346, 0.0, 0.0, 0.0, 0.0, 7.119741100323624, 0.0, 0.0, 0.0, 0.0, 5.070118662351672, 0.0, 0.0, 0.0, 6.472491909385113, 0.0, 0.0, 0.0, 0.0, 1.6181229773462782, 0.0, 0.0, 0.0, 0.0, 0.7551240560949299, 0.0, 0.0, 0.0, 0.0, 0.9708737864077669, 0.0, 0.0, 0.0, 0.4314994606256742]"
2,1247.0,1232.0,1239.347236704901,1240.0,"[0.8342022940563086, 0.0, 0.0, 0.0, 0.0, 0.0, 4.066736183524505, 0.0, 0.0, 0.0, 0.0, 0.0, 0.0, 9.071949947862358, 0.0, 0.0, 0.0, 0.0, 0.0, 0.0, 6.569343065693431, 0.0, 0.0, 0.0, 0.0, 0.0, 6.047966631908238, 0.0, 0.0, 0.0, 0.0, 0.0, 0.0, 5.213764337851929, 0.0, 0.0, 0.0, 0.0, 0.0, 0.0, 5.943691345151199, 0.0, 0.0, 0.0, 0.0, 0.0, 6.152241918665276, 0.0, 0.0, 0.0, 0.0, 0.0, 0.0, 11.991657977059438, 0.0, 0.0, 0.0, 0.0, 0.0, 0.0, 10.531803962460897, 0.0, 0.0, 0.0, 0.0, 0.0, 12.200208550573514, 0.0, 0.0, 0.0, 0.0, 0.0, 0.0, 10.740354535974973, 0.0, 0.0, 0.0, 0.0, 0.0, 0.0, 6.882168925964546, 0.0, 0.0, 0.0, 0.0, 0.0, 2.6068821689259645, 0.0, 0.0, 0.0, 0.0, 0.0, 0.0, 0.7299270072992701, 0.0, 0.0, 0.0, 0.0, 0.0, 0.4171011470281543]"
3,1248.0,1231.0,1239.593528816987,1240.0,"[0.3033367037411527, 0.0, 0.0, 0.0, 0.0, 1.1122345803842264, 0.0, 0.0, 0.0, 0.0, 0.0, 2.730030333670374, 0.0, 0.0, 0.0, 0.0, 0.0, 2.62891809908999, 0.0, 0.0, 0.0, 0.0, 0.0, 3.1344792719919106, 0.0, 0.0, 0.0, 0.0, 0.0, 7.077856420626897, 0.0, 0.0, 0.0, 0.0, 0.0, 6.774519716885743, 0.0, 0.0, 0.0, 0.0, 0.0, 8.897876643073811, 0.0, 0.0, 0.0, 0.0, 0.0, 13.245702730030334, 0.0, 0.0, 0.0, 0.0, 14.256825075834175, 0.0, 0.0, 0.0, 0.0, 0.0, 14.459049544994945, 0.0, 0.0, 0.0, 0.0, 0.0, 9.908998988877654, 0.0, 0.0, 0.0, 0.0, 0.0, 5.358948432760364, 0.0, 0.0, 0.0, 0.0, 0.0, 3.9433771486349847, 0.0, 0.0, 0.0, 0.0, 0.0, 3.2355915065722956, 0.0, 0.0, 0.0, 0.0, 0.0, 1.7189079878665317, 0.0, 0.0, 0.0, 0.0, 0.0, 1.1122345803842264, 0.0, 0.0, 0.0, 0.0, 0.10111223458038424]"
4,1247.0,1228.0,1237.6241956241956,1238.0,"[0.6435006435006435, 0.0, 0.0, 0.0, 0.0, 2.0592020592020592, 0.0, 0.0, 0.0, 0.0, 3.2175032175032174, 0.0, 0.0, 0.0, 0.0, 2.574002574002574, 0.0, 0.0, 0.0, 0.0, 0.0, 2.9601029601029603, 0.0, 0.0, 0.0, 0.0, 4.375804375804376, 0.0, 0.0, 0.0, 0.0, 5.9202059202059205, 0.0, 0.0, 0.0, 0.0, 9.395109395109396, 0.0, 0.0, 0.0, 0.0, 0.0, 9.00900900900901, 0.0, 0.0, 0.0, 0.0, 7.207207207207207, 0.0, 0.0, 0.0, 0.0, 7.4646074646074645, 0.0, 0.0, 0.0, 0.0, 10.682110682110682, 0.0, 0.0, 0.0, 0.0, 0.0, 8.236808236808237, 0.0, 0.0, 0.0, 0.0, 7.078507078507079, 0.0, 0.0, 0.0, 0.0, 7.722007722007722, 0.0, 0.0, 0.0, 0.0, 4.633204633204633, 0.0, 0.0, 0.0, 0.0, 0.0, 3.2175032175032174, 0.0, 0.0, 0.0, 0.0, 2.8314028314028317, 0.0, 0.0, 0.0, 0.0, 0.6435006435006435, 0.0, 0.0, 0.0, 0.0, 0.1287001287001287]"
5,1244.0,1227.0,1235.7088055797733,1236.0,"[0.5231037489102005, 0.0, 0.0, 0.0, 0.0, 1.2205754141238012, 0.0, 0.0, 0.0, 0.0, 0.0, 1.1333914559721012, 0.0, 0.0, 0.0, 0.0, 0.0, 1.2205754141238012, 0.0, 0.0, 0.0, 0.0, 0.0, 3.051438535309503, 0.0, 0.0, 0.0, 0.0, 0.0, 5.231037489102005, 0.0, 0.0, 0.0, 0.0, 0.0, 7.933740191804708, 0.0, 0.0, 0.0, 0.0, 0.0, 11.421098517872712, 0.0, 0.0, 0.0, 0.0, 0.0, 13.077593722755013, 0.0, 0.0, 0.0, 0.0, 15.780296425457715, 0.0, 0.0, 0.0, 0.0, 0.0, 13.251961639058413, 0.0, 0.0, 0.0, 0.0, 0.0, 8.892763731473408, 0.0, 0.0, 0.0, 0.0, 0.0, 8.54402789886661, 0.0, 0.0, 0.0, 0.0, 0.0, 5.3182214472537055, 0.0, 0.0, 0.0, 0.0, 0.0, 2.528334786399302, 0.0, 0.0, 0.0, 0.0, 0.0, 0.4359197907585004, 0.0, 0.0, 0.0, 0.0, 0.0, 0.17436791630340018, 0.0, 0.0, 0.0, 0.0, 0.26155187445510025]"
6,1239.0,1221.0,1230.9452887537993,1232.0,"[0.4052684903748734, 0.0, 0.0, 0.0, 0.0, 1.7223910840932117, 0.0, 0.0, 0.0, 0.0, 0.0, 2.43161094224924, 0.0, 0.0, 0.0, 0.0, 2.532928064842958, 0.0, 0.0, 0.0, 0.0, 0.0, 2.9381965552178317, 0.0, 0.0, 0.0, 0.0, 4.052684903748734, 0.0, 0.0, 0.0, 0.0, 0.0, 3.343465045592705, 0.0, 0.0, 0.0, 0.0, 4.86322188449848, 0.0, 0.0, 0.0, 0.0, 0.0, 7.3961499493414395, 0.0, 0.0, 0.0, 0.0, 0.0, 8.814589665653495, 0.0, 0.0, 0.0, 0.0, 11.246200607902736, 0.0, 0.0, 0.0, 0.0, 0.0, 11.651469098277609, 0.0, 0.0, 0.0, 0.0, 13.069908814589665, 0.0, 0.0, 0.0, 0.0, 0.0, 11.854103343465045, 0.0, 0.0, 0.0, 0.0, 6.281661600810537, 0.0, 0.0, 0.0, 0.0, 0.0, 4.154002026342452, 0.0, 0.0, 0.0, 0.0, 1.7223910840932117, 0.0, 0.0, 0.0, 0.0, 0.0, 1.0131712259371835, 0.0, 0.0, 0.0, 0.0, 0.5065856129685917]"
7,1240.0,1221.0,1229.8976868327402,1230.0,"[0.1779359430604982, 0.0, 0.0, 0.0, 0.0, 1.1565836298932384, 0.0, 0.0, 0.0, 0.0, 2.6690391459074734, 0.0, 0.0, 0.0, 0.0, 4.6263345195729535, 0.0, 0.0, 0.0, 0.0, 0.0, 5.6939501779359425, 0.0, 0.0, 0.0, 0.0, 6.93950177935943, 0.0, 0.0, 0.0, 0.0, 8.274021352313166, 0.0, 0.0, 0.0, 0.0, 9.9644128113879, 0.0, 0.0, 0.0, 0.0, 0.0, 9.341637010676157, 0.0, 0.0, 0.0, 0.0, 8.007117437722421, 0.0, 0.0, 0.0, 0.0, 8.09608540925267, 0.0, 0.0, 0.0, 0.0, 7.206405693950178, 0.0, 0.0, 0.0, 0.0, 0.0, 6.850533807829182, 0.0, 0.0, 0.0, 0.0, 6.672597864768683, 0.0, 0.0, 0.0, 0.0, 5.960854092526691, 0.0, 0.0, 0.0, 0.0, 3.7366548042704624, 0.0, 0.0, 0.0, 0.0, 0.0, 2.580071174377224, 0.0, 0.0, 0.0, 0.0, 1.1565836298932384, 0.0, 0.0, 0.0, 0.0, 0.800711743772242, 0.0, 0.0, 0.0, 0.0, 0.0889679715302491]"
8,1237.0,1215.0,1224.2946357085668,1224.0,"[0.16012810248198558, 0.0, 0.0, 0.0, 1.3610888710968776, 0.0, 0.0, 0.0, 0.0, 4.403522818254603, 0.0, 0.0, 0.0, 6.405124099279423, 0.0, 0.0, 0.0, 0.0, 5.524419535628502, 0.0, 0.0, 0.0, 8.246597277822259, 0.0, 0.0, 0.0, 0.0, 7.205764611689351, 0.0, 0.0, 0.0, 5.2842273819055245, 0.0, 0.0, 0.0, 0.0, 6.084867894315452, 0.0, 0.0, 0.0, 6.164931945556445, 0.0, 0.0, 0.0, 0.0, 8.486789431545235, 0.0, 0.0, 0.0, 0.0, 8.246597277822259, 0.0, 0.0, 0.0, 6.084867894315452, 0.0, 0.0, 0.0, 0.0, 5.044035228182546, 0.0, 0.0, 0.0, 6.325060048038431, 0.0, 0.0, 0.0, 0.0, 5.2842273819055245, 0.0, 0.0, 0.0, 3.522818254603683, 0.0, 0.0, 0.0, 0.0, 2.0816653322658127, 0.0, 0.0, 0.0, 1.3610888710968776, 0.0, 0.0, 0.0, 0.0, 1.120896717373899, 0.0, 0.0, 0.0, 0.9607686148919135, 0.0, 0.0, 0.0, 0.0, 0.4803843074459567, 0.0, 0.0, 0.0, 0.16012810248198558]"
9,1237.0,1208.0,1220.2043189368771,1220.0,"[0.41528239202657813, 0.0, 0.0, 0.8305647840531563, 0.0, 0.0, 1.1627906976744187, 0.0, 0.0, 0.0, 1.6611295681063125, 0.0, 0.0, 3.9867109634551494, 0.0, 0.0, 0.0, 3.488372093023256, 0.0, 0.0, 4.318936877076411, 0.0, 0.0, 0.0, 4.485049833887043, 0.0, 0.0, 4.817275747508306, 0.0, 0.0, 0.0, 5.398671096345515, 0.0, 0.0, 6.4784053156146175, 0.0, 0.0, 9.883720930232558, 0.0, 0.0, 0.0, 8.222591362126245, 0.0, 0.0, 6.395348837209303, 0.0, 0.0, 0.0, 5.897009966777408, 0.0, 0.0, 5.813953488372093, 0.0, 0.0, 0.0, 5.232558139534884, 0.0, 0.0, 4.485049833887043, 0.0, 0.0, 0.0, 4.568106312292359, 0.0, 0.0, 3.6544850498338874, 0.0, 0.0, 2.1594684385382057, 0.0, 0.0, 0.0, 1.495016611295681, 0.0, 0.0, 1.744186046511628, 0.0, 0.0, 0.0, 0.7475083056478405, 0.0, 0.0, 0.7475083056478405, 0.0, 0.0, 0.0, 0.9136212624584719, 0.0, 0.0, 0.4983388704318937, 0.0, 0.0, 0.0, 0.16611295681063123, 0.0, 0.0, 0.24916943521594684, 0.0, 0.0, 0.08305647840531562]"
10,1238.0,1204.0,1220.1761744966443,1220.0,"[0.25167785234899326, 0.0, 0.16778523489932887, 0.0, 0.0, 0.25167785234899326, 0.0, 0.0, 0.7550335570469799, 0.0, 0.0, 2.2651006711409396, 0.0, 0.0, 3.104026845637584, 0.0, 0.0, 3.691275167785235, 0.0, 0.0, 2.6006711409395975, 0.0, 0.0, 3.523489932885906, 0.0, 0.0, 4.110738255033557, 0.0, 0.0, 3.6073825503355708, 0.0, 0.0, 3.1879194630872485, 0.0, 0.0, 4.110738255033557, 0.0, 0.0, 3.3557046979865772, 0.0, 0.0, 5.285234899328859, 0.0, 0.0, 4.949664429530201, 0.0, 0.0, 6.62751677852349, 0.0, 0.0, 5.453020134228188, 0.0, 4.697986577181208, 0.0, 0.0, 4.781879194630872, 0.0, 0.0, 5.7885906040268456, 0.0, 0.0, 3.4395973154362416, 0.0, 0.0, 3.104026845637584, 0.0, 0.0, 3.6073825503355708, 0.0, 0.0, 3.859060402684564, 0.0, 0.0, 3.523489932885906, 0.0, 0.0, 3.0201342281879198, 0.0, 0.0, 1.5939597315436242, 0.0, 0.0, 0.9228187919463088, 0.0, 0.0, 2.2651006711409396, 0.0, 0.0, 1.006711409395973, 0.0, 0.0, 0.33557046979865773, 0.0, 0.0, 0.587248322147651, 0.0, 0.0, 0.08389261744966443, 0.0, 0.08389261744966443]"
11,1258.0,0.0,1210.4648506151143,1244.0,"[2.724077328646749, 0.0, 0.0, 0.0, 0.0, 0.0, 0.0, 0.0, 0.0, 0.0, 0.0, 0.0, 0.0, 0.0, 0.0, 0.0, 0.0, 0.0, 0.0, 0.0, 0.0, 0.0, 0.0, 0.0, 0.0, 0.0, 0.0, 0.0, 0.0, 0.0, 0.0, 0.0, 0.0, 0.0, 0.0, 0.0, 0.0, 0.0, 0.0, 0.0, 0.0, 0.0, 0.0, 0.0, 0.0, 0.0, 0.0, 0.0, 0.0, 0.0, 0.0, 0.0, 0.0, 0.0, 0.0, 0.0, 0.0, 0.0, 0.0, 0.0, 0.0, 0.0, 0.0, 0.0, 0.0, 0.0, 0.0, 0.0, 0.0, 0.0, 0.0, 0.0, 0.0, 0.0, 0.0, 0.0, 0.0, 0.0, 0.0, 0.0, 0.0, 0.0, 0.0, 0.0, 0.0, 0.0, 0.0, 0.0, 0.0, 0.0, 0.0, 0.0, 0.0, 0.0, 0.0, 0.0, 0.0, 0.0, 62.741652021089635, 34.53427065026362]"
12,1255.0,1235.0,1245.4981343283582,1245.5,"[0.2798507462686567, 0.0, 0.0, 0.0, 0.0, 1.1194029850746268, 0.0, 0.0, 0.0, 0.0, 1.3992537313432836, 0.0, 0.0, 0.0, 0.0, 2.798507462686567, 0.0, 0.0, 0.0, 0.0, 4.9440298507462686, 0.0, 0.0, 0.0, 0.0, 5.410447761194029, 0.0, 0.0, 0.0, 0.0, 5.410447761194029, 0.0, 0.0, 0.0, 0.0, 8.115671641791044, 0.0, 0.0, 0.0, 0.0, 6.902985074626866, 0.0, 0.0, 0.0, 0.0, 6.7164179104477615, 0.0, 0.0, 0.0, 0.0, 6.902985074626866, 0.0, 0.0, 0.0, 0.0, 6.529850746268656, 0.0, 0.0, 0.0, 0.0, 6.343283582089552, 0.0, 0.0, 0.0, 0.0, 6.7164179104477615, 0.0, 0.0, 0.0, 0.0, 6.809701492537314, 0.0, 0.0, 0.0, 0.0, 7.649253731343284, 0.0, 0.0, 0.0, 0.0, 5.503731343283582, 0.0, 0.0, 0.0, 0.0, 6.529850746268656, 0.0, 0.0, 0.0, 0.0, 2.5186567164179103, 0.0, 0.0, 0.0, 0.0, 1.0261194029850746, 0.0, 0.0, 0.0, 0.3731343283582089]"
13,1255.0,1235.0,1243.8993808049536,1244.0,"[0.8513931888544891, 0.0, 0.0, 0.0, 0.0, 2.941176470588235, 0.0, 0.0, 0.0, 0.0, 4.102167182662539, 0.0, 0.0, 0.0, 0.0, 3.7151702786377707, 0.0, 0.0, 0.0, 0.0, 3.560371517027864, 0.0, 0.0, 0.0, 0.0, 4.3343653250774, 0.0, 0.0, 0.0, 0.0, 5.263157894736842, 0.0, 0.0, 0.0, 0.0, 9.287925696594428, 0.0, 0.0, 0.0, 0.0, 9.13312693498452, 0.0, 0.0, 0.0, 0.0, 12.074303405572756, 0.0, 0.0, 0.0, 0.0, 8.6687306501548, 0.0, 0.0, 0.0, 0.0, 11.145510835913312, 0.0, 0.0, 0.0, 0.0, 8.281733746130032, 0.0, 0.0, 0.0, 0.0, 5.108359133126935, 0.0, 0.0, 0.0, 0.0, 3.7151702786377707, 0.0, 0.0, 0.0, 0.0, 2.476780185758514, 0.0, 0.0, 0.0, 0.0, 2.941176470588235, 0.0, 0.0, 0.0, 0.0, 1.4705882352941175, 0.0, 0.0, 0.0, 0.0, 0.6191950464396285, 0.0, 0.0, 0.0, 0.0, 0.23219814241486067, 0.0, 0.0, 0.0, 0.07739938080495357]"
14,1253.0,1236.0,1243.9276773296244,1244.0,"[0.6954102920723227, 0.0, 0.0, 0.0, 0.0, 2.642559109874826, 0.0, 0.0, 0.0, 0.0, 0.0, 7.927677329624479, 0.0, 0.0, 0.0, 0.0, 0.0, 8.344923504867872, 0.0, 0.0, 0.0, 0.0, 0.0, 5.4242002781641165, 0.0, 0.0, 0.0, 0.0, 0.0, 6.675938803894297, 0.0, 0.0, 0.0, 0.0, 0.0, 7.510431154381085, 0.0, 0.0, 0.0, 0.0, 0.0, 8.066759388038943, 0.0, 0.0, 0.0, 0.0, 0.0, 7.232267037552156, 0.0, 0.0, 0.0, 0.0, 6.954102920723226, 0.0, 0.0, 0.0, 0.0, 0.0, 8.205841446453407, 0.0, 0.0, 0.0, 0.0, 0.0, 7.093184979137692, 0.0, 0.0, 0.0, 0.0, 0.0, 6.954102920723226, 0.0, 0.0, 0.0, 0.0, 0.0, 6.11961057023644, 0.0, 0.0, 0.0, 0.0, 0.0, 5.702364394993046, 0.0, 0.0, 0.0, 0.0, 0.0, 2.5034770514603615, 0.0, 0.0, 0.0, 0.0, 0.0, 1.3908205841446455, 0.0, 0.0, 0.0, 0.0, 0.5563282336578581]"
15,1250.0,1235.0,1244.1575898030128,1245.0,"[0.2317497103128621, 0.0, 0.0, 0.0, 0.0, 0.0, 1.2746234067207416, 0.0, 0.0, 0.0, 0.0, 0.0, 0.0, 1.9698725376593278, 0.0, 0.0, 0.0, 0.0, 0.0, 0.0, 3.0127462340672073, 0.0, 0.0, 0.0, 0.0, 0.0, 3.7079953650057935, 0.0, 0.0, 0.0, 0.0, 0.0, 0.0, 3.8238702201622248, 0.0, 0.0, 0.0, 0.0, 0.0, 0.0, 4.40324449594438, 0.0, 0.0, 0.0, 0.0, 0.0, 5.44611819235226, 0.0, 0.0, 0.0, 0.0, 0.0, 0.0, 8.690614136732329, 0.0, 0.0, 0.0, 0.0, 0.0, 0.0, 12.977983777520278, 0.0, 0.0, 0.0, 0.0, 0.0, 18.076477404403242, 0.0, 0.0, 0.0, 0.0, 0.0, 0.0, 15.295480880648899, 0.0, 0.0, 0.0, 0.0, 0.0, 0.0, 10.776361529548089, 0.0, 0.0, 0.0, 0.0, 0.0, 6.60486674391657, 0.0, 0.0, 0.0, 0.0, 0.0, 0.0, 3.1286210892236386, 0.0, 0.0, 0.0, 0.0, 0.0, 0.5793742757821553]"
16,1247.0,1237.0,1241.498447204969,1242.0,"[6.211180124223603, 0.0, 0.0, 0.0, 0.0, 0.0, 0.0, 0.0, 0.0, 0.0, 9.627329192546584, 0.0, 0.0, 0.0, 0.0, 0.0, 0.0, 0.0, 0.0, 0.0, 10.248447204968944, 0.0, 0.0, 0.0, 0.0, 0.0, 0.0, 0.0, 0.0, 0.0, 9.006211180124224, 0.0, 0.0, 0.0, 0.0, 0.0, 0.0, 0.0, 0.0, 0.0, 13.043478260869565, 0.0, 0.0, 0.0, 0.0, 0.0, 0.0, 0.0, 0.0, 0.0, 16.149068322981368, 0.0, 0.0, 0.0, 0.0, 0.0, 0.0, 0.0, 0.0, 0.0, 10.714285714285714, 0.0, 0.0, 0.0, 0.0, 0.0, 0.0, 0.0, 0.0, 0.0, 10.559006211180124, 0.0, 0.0, 0.0, 0.0, 0.0, 0.0, 0.0, 0.0, 0.0, 9.782608695652174, 0.0, 0.0, 0.0, 0.0, 0.0, 0.0, 0.0, 0.0, 0.0, 3.260869565217391, 0.0, 0.0, 0.0, 0.0, 0.0, 0.0, 0.0, 0.0, 1.3975155279503106]"
17,1249.0,1228.0,1238.8580015026296,1239.0,"[0.15026296018031557, 0.0, 0.0, 0.0, 0.67618332081142, 0.0, 0.0, 0.0, 0.0, 1.5777610818933134, 0.0, 0.0, 0.0, 0.0, 2.404207362885049, 0.0, 0.0, 0.0, 0.0, 3.5311795642374153, 0.0, 0.0, 0.0, 3.6814425244177307, 0.0, 0.0, 0.0, 0.0, 3.3809166040571, 0.0, 0.0, 0.0, 0.0, 5.559729526671676, 0.0, 0.0, 0.0, 0.0, 6.7618332081142, 0.0, 0.0, 0.0, 7.43801652892562, 0.0, 0.0, 0.0, 0.0, 10.217881292261458, 0.0, 0.0, 0.0, 0.0, 8.940646130728776, 0.0, 0.0, 0.0, 0.0, 10.593538692712247, 0.0, 0.0, 0.0, 8.264462809917356, 0.0, 0.0, 0.0, 0.0, 6.6115702479338845, 0.0, 0.0, 0.0, 0.0, 6.010518407212622, 0.0, 0.0, 0.0, 0.0, 5.184072126220887, 0.0, 0.0, 0.0, 3.606311044327573, 0.0, 0.0, 0.0, 0.0, 3.5311795642374153, 0.0, 0.0, 0.0, 0.0, 1.2772351615326822, 0.0, 0.0, 0.0, 0.0, 0.5259203606311045, 0.0, 0.0, 0.0, 0.07513148009015778]"
18,1246.0,1228.0,1238.3866837387964,1238.0,"[0.2560819462227913, 0.0, 0.0, 0.0, 0.0, 0.2560819462227913, 0.0, 0.0, 0.0, 0.0, 0.0, 0.2560819462227913, 0.0, 0.0, 0.0, 0.0, 0.8962868117797695, 0.0, 0.0, 0.0, 0.0, 0.0, 1.5364916773367476, 0.0, 0.0, 0.0, 0.0, 5.377720870678617, 0.0, 0.0, 0.0, 0.0, 0.0, 8.450704225352112, 0.0, 0.0, 0.0, 0.0, 9.859154929577464, 0.0, 0.0, 0.0, 0.0, 0.0, 6.402048655569782, 0.0, 0.0, 0.0, 0.0, 0.0, 7.810499359795134, 0.0, 0.0, 0.0, 0.0, 9.603072983354673, 0.0, 0.0, 0.0, 0.0, 0.0, 7.93854033290653, 0.0, 0.0, 0.0, 0.0, 9.859154929577464, 0.0, 0.0, 0.0, 0.0, 0.0, 8.450704225352112, 0.0, 0.0, 0.0, 0.0, 8.8348271446863, 0.0, 0.0, 0.0, 0.0, 0.0, 6.530089628681178, 0.0, 0.0, 0.0, 0.0, 3.713188220230474, 0.0, 0.0, 0.0, 0.0, 0.0, 3.0729833546734953, 0.0, 0.0, 0.0, 0.0, 0.8962868117797695]"
19,1240.0,1220.0,1230.6826923076924,1231.0,"[0.5244755244755245, 0.0, 0.0, 0.0, 0.0, 1.2237762237762237, 0.0, 0.0, 0.0, 0.0, 2.272727272727273, 0.0, 0.0, 0.0, 0.0, 2.097902097902098, 0.0, 0.0, 0.0, 0.0, 2.1853146853146854, 0.0, 0.0, 0.0, 0.0, 4.020979020979021, 0.0, 0.0, 0.0, 0.0, 2.36013986013986, 0.0, 0.0, 0.0, 0.0, 3.234265734265734, 0.0, 0.0, 0.0, 0.0, 7.43006993006993, 0.0, 0.0, 0.0, 0.0, 8.304195804195805, 0.0, 0.0, 0.0, 0.0, 8.391608391608392, 0.0, 0.0, 0.0, 0.0, 11.013986013986015, 0.0, 0.0, 0.0, 0.0, 13.54895104895105, 0.0, 0.0, 0.0, 0.0, 11.101398601398602, 0.0, 0.0, 0.0, 0.0, 7.954545454545454, 0.0, 0.0, 0.0, 0.0, 4.458041958041958, 0.0, 0.0, 0.0, 0.0, 4.458041958041958, 0.0, 0.0, 0.0, 0.0, 3.4965034965034967, 0.0, 0.0, 0.0, 0.0, 1.3111888111888113, 0.0, 0.0, 0.0, 0.0, 0.4370629370629371, 0.0, 0.0, 0.0, 0.17482517482517482]"
20,1238.0,1216.0,1228.138306789606,1229.0,"[0.2514668901927913, 0.0, 0.0, 0.0, 1.341156747694887, 0.0, 0.0, 0.0, 0.0, 2.347024308466052, 0.0, 0.0, 0.0, 2.2632020117351215, 0.0, 0.0, 0.0, 0.0, 3.1014249790444257, 0.0, 0.0, 0.0, 4.0234702430846605, 0.0, 0.0, 0.0, 0.0, 3.604358759430008, 0.0, 0.0, 0.0, 3.4367141659681475, 0.0, 0.0, 0.0, 0.0, 3.269069572506287, 0.0, 0.0, 0.0, 5.113160100586756, 0.0, 0.0, 0.0, 0.0, 5.699916177703269, 0.0, 0.0, 0.0, 0.0, 7.5440067057837386, 0.0, 0.0, 0.0, 6.957250628667226, 0.0, 0.0, 0.0, 0.0, 6.3704945515507125, 0.0, 0.0, 0.0, 5.951383067896061, 0.0, 0.0, 0.0, 0.0, 9.304274937133277, 0.0, 0.0, 0.0, 8.801341156747695, 0.0, 0.0, 0.0, 0.0, 7.124895222129086, 0.0, 0.0, 0.0, 4.861693210393965, 0.0, 0.0, 0.0, 0.0, 4.107292539815591, 0.0, 0.0, 0.0, 1.760268231349539, 0.0, 0.0, 0.0, 0.0, 2.095557418273261, 0.0, 0.0, 0.0, 0.6705783738474435]"
21,1236.0,0.0,1205.7784431137725,1220.0,"[1.1976047904191618, 0.0, 0.0, 0.0, 0.0, 0.0, 0.0, 0.0, 0.0, 0.0, 0.0, 0.0, 0.0, 0.0, 0.0, 0.0, 0.0, 0.0, 0.0, 0.0, 0.0, 0.0, 0.0, 0.0, 0.0, 0.0, 0.0, 0.0, 0.0, 0.0, 0.0, 0.0, 0.0, 0.0, 0.0, 0.0, 0.0, 0.0, 0.0, 0.0, 0.0, 0.0, 0.0, 0.0, 0.0, 0.0, 0.0, 0.0, 0.0, 0.0, 0.0, 0.0, 0.0, 0.0, 0.0, 0.0, 0.0, 0.0, 0.0, 0.0, 0.0, 0.0, 0.0, 0.0, 0.0, 0.0, 0.0, 0.0, 0.0, 0.0, 0.0, 0.0, 0.0, 0.0, 0.0, 0.0, 0.0, 0.0, 0.0, 0.0, 0.0, 0.0, 0.0, 0.0, 0.0, 0.0, 0.0, 0.0, 0.0, 0.0, 0.0, 0.0, 0.0, 0.0, 0.0, 0.0, 0.0, 13.040585495675316, 50.83166999334664, 34.930139720558884]"
22,1269.0,1242.0,1252.973594548552,1253.0,"[0.08517887563884156, 0.0, 0.0, 0.17035775127768313, 0.0, 0.0, 0.0, 2.385008517887564, 0.0, 0.0, 0.0, 3.9182282793867125, 0.0, 0.0, 4.6848381601362865, 0.0, 0.0, 0.0, 4.6848381601362865, 0.0, 0.0, 0.0, 7.410562180579216, 0.0, 0.0, 6.814310051107325, 0.0, 0.0, 0.0, 6.814310051107325, 0.0, 0.0, 0.0, 6.388415672913117, 0.0, 0.0, 0.0, 6.388415672913117, 0.0, 0.0, 7.7512776831345835, 0.0, 0.0, 0.0, 6.303236797274275, 0.0, 0.0, 0.0, 4.940374787052811, 0.0, 0.0, 5.110732538330494, 0.0, 0.0, 0.0, 4.088586030664395, 0.0, 0.0, 0.0, 4.258943781942079, 0.0, 0.0, 3.2367972742759794, 0.0, 0.0, 0.0, 4.258943781942079, 0.0, 0.0, 0.0, 3.6626916524701874, 0.0, 0.0, 0.0, 1.8739352640545146, 0.0, 0.0, 2.385008517887564, 0.0, 0.0, 0.0, 0.8517887563884157, 0.0, 0.0, 0.0, 0.7666098807495741, 0.0, 0.0, 0.42589437819420783, 0.0, 0.0, 0.0, 0.08517887563884156, 0.0, 0.0, 0.0, 0.17035775127768313, 0.0, 0.0, 0.08517887563884156]"
23,1263.0,1240.0,1251.9784442361763,1252.0,"[0.09372071227741331, 0.0, 0.0, 0.0, 0.28116213683223995, 0.0, 0.0, 0.0, 0.6560449859418931, 0.0, 0.0, 0.0, 0.0, 1.4058106841611997, 0.0, 0.0, 0.0, 1.9681349578256795, 0.0, 0.0, 0.0, 3.373945641986879, 0.0, 0.0, 0.0, 0.0, 4.217432052483598, 0.0, 0.0, 0.0, 3.467666354264293, 0.0, 0.0, 0.0, 4.123711340206185, 0.0, 0.0, 0.0, 0.0, 7.403936269915651, 0.0, 0.0, 0.0, 10.684161199625116, 0.0, 0.0, 0.0, 11.527647610121837, 0.0, 0.0, 0.0, 0.0, 8.809746954076852, 0.0, 0.0, 0.0, 5.904404873477039, 0.0, 0.0, 0.0, 4.967197750702906, 0.0, 0.0, 0.0, 0.0, 7.497656982193064, 0.0, 0.0, 0.0, 6.373008434864105, 0.0, 0.0, 0.0, 5.154639175257731, 0.0, 0.0, 0.0, 0.0, 5.060918462980318, 0.0, 0.0, 0.0, 3.6551077788191186, 0.0, 0.0, 0.0, 1.9681349578256795, 0.0, 0.0, 0.0, 0.0, 0.5623242736644799, 0.0, 0.0, 0.0, 0.7497656982193065, 0.0, 0.0, 0.0, 0.09372071227741331]"
24,1263.0,1245.0,1252.4031209362809,1252.0,"[1.3003901170351104, 0.0, 0.0, 0.0, 0.0, 3.3810143042912877, 0.0, 0.0, 0.0, 0.0, 0.0, 5.071521456436931, 0.0, 0.0, 0.0, 0.0, 7.542262678803641, 0.0, 0.0, 0.0, 0.0, 0.0, 9.492847854356306, 0.0, 0.0, 0.0, 0.0, 9.362808842652797, 0.0, 0.0, 0.0, 0.0, 0.0, 8.452535760728217, 0.0, 0.0, 0.0, 0.0, 10.273081924577374, 0.0, 0.0, 0.0, 0.0, 0.0, 9.752925877763328, 0.0, 0.0, 0.0, 0.0, 0.0, 9.622886866059819, 0.0, 0.0, 0.0, 0.0, 6.8920676202860855, 0.0, 0.0, 0.0, 0.0, 0.0, 4.681404421326398, 0.0, 0.0, 0.0, 0.0, 1.6905071521456438, 0.0, 0.0, 0.0, 0.0, 0.0, 2.2106631989596877, 0.0, 0.0, 0.0, 0.0, 1.3003901170351104, 0.0, 0.0, 0.0, 0.0, 0.0, 2.2106631989596877, 0.0, 0.0, 0.0, 0.0, 4.031209362808843, 0.0, 0.0, 0.0, 0.0, 0.0, 2.340702210663199, 0.0, 0.0, 0.0, 0.0, 0.3901170351105332]"
25,1260.0,1241.0,1251.2070645554202,1252.0,"[0.730816077953715, 0.0, 0.0, 0.0, 0.0, 1.46163215590743, 0.0, 0.0, 0.0, 0.0, 2.3142509135200973, 0.0, 0.0, 0.0, 0.0, 1.5834348355663823, 0.0, 0.0, 0.0, 0.0, 0.0, 2.92326431181486, 0.0, 0.0, 0.0, 0.0, 2.679658952496955, 0.0, 0.0, 0.0, 0.0, 4.019488428745433, 0.0, 0.0, 0.0, 0.0, 4.750304506699147, 0.0, 0.0, 0.0, 0.0, 0.0, 5.9683313032886725, 0.0, 0.0, 0.0, 0.0, 6.455542021924482, 0.0, 0.0, 0.0, 0.0, 12.18026796589525, 0.0, 0.0, 0.0, 0.0, 15.225334957369064, 0.0, 0.0, 0.0, 0.0, 0.0, 14.007308160779536, 0.0, 0.0, 0.0, 0.0, 10.475030450669914, 0.0, 0.0, 0.0, 0.0, 6.942752740560293, 0.0, 0.0, 0.0, 0.0, 4.019488428745433, 0.0, 0.0, 0.0, 0.0, 0.0, 2.8014616321559074, 0.0, 0.0, 0.0, 0.0, 0.730816077953715, 0.0, 0.0, 0.0, 0.0, 0.6090133982947624, 0.0, 0.0, 0.0, 0.0, 0.12180267965895249]"
26,1262.0,1242.0,1251.6319018404909,1251.0,"[0.15337423312883436, 0.0, 0.0, 0.0, 0.0, 0.15337423312883436, 0.0, 0.0, 0.0, 0.0, 1.3803680981595092, 0.0, 0.0, 0.0, 0.0, 1.5337423312883436, 0.0, 0.0, 0.0, 0.0, 2.607361963190184, 0.0, 0.0, 0.0, 0.0, 5.521472392638037, 0.0, 0.0, 0.0, 0.0, 9.969325153374232, 0.0, 0.0, 0.0, 0.0, 9.509202453987731, 0.0, 0.0, 0.0, 0.0, 11.503067484662576, 0.0, 0.0, 0.0, 0.0, 7.822085889570553, 0.0, 0.0, 0.0, 0.0, 6.901840490797547, 0.0, 0.0, 0.0, 0.0, 9.662576687116564, 0.0, 0.0, 0.0, 0.0, 9.815950920245399, 0.0, 0.0, 0.0, 0.0, 10.889570552147239, 0.0, 0.0, 0.0, 0.0, 5.214723926380368, 0.0, 0.0, 0.0, 0.0, 3.067484662576687, 0.0, 0.0, 0.0, 0.0, 1.3803680981595092, 0.0, 0.0, 0.0, 0.0, 0.6134969325153374, 0.0, 0.0, 0.0, 0.0, 1.2269938650306749, 0.0, 0.0, 0.0, 0.0, 0.9202453987730062, 0.0, 0.0, 0.0, 0.15337423312883436]"
27,1259.0,1249.0,1253.799120234604,1254.0,"[1.6129032258064515, 0.0, 0.0, 0.0, 0.0, 0.0, 0.0, 0.0, 0.0, 0.0, 7.771260997067449, 0.0, 0.0, 0.0, 0.0, 0.0, 0.0, 0.0, 0.0, 0.0, 7.771260997067449, 0.0, 0.0, 0.0, 0.0, 0.0, 0.0, 0.0, 0.0, 0.0, 11.730205278592376, 0.0, 0.0, 0.0, 0.0, 0.0, 0.0, 0.0, 0.0, 0.0, 17.155425219941346, 0.0, 0.0, 0.0, 0.0, 0.0, 0.0, 0.0, 0.0, 0.0, 11.730205278592376, 0.0, 0.0, 0.0, 0.0, 0.0, 0.0, 0.0, 0.0, 0.0, 16.129032258064516, 0.0, 0.0, 0.0, 0.0, 0.0, 0.0, 0.0, 0.0, 0.0, 14.66275659824047, 0.0, 0.0, 0.0, 0.0, 0.0, 0.0, 0.0, 0.0, 0.0, 8.504398826979472, 0.0, 0.0, 0.0, 0.0, 0.0, 0.0, 0.0, 0.0, 0.0, 2.6392961876832843, 0.0, 0.0, 0.0, 0.0, 0.0, 0.0, 0.0, 0.0, 0.2932551319648094]"
28,1261.0,1241.0,1248.8252326783868,1248.0,"[0.2068252326783868, 0.0, 0.0, 0.0, 0.0, 3.3092037228541886, 0.0, 0.0, 0.0, 0.0, 5.377456049638056, 0.0, 0.0, 0.0, 0.0, 9.100310237849017, 0.0, 0.0, 0.0, 0.0, 9.100310237849017, 0.0, 0.0, 0.0, 0.0, 9.720785935884178, 0.0, 0.0, 0.0, 0.0, 8.686659772492245, 0.0, 0.0, 0.0, 0.0, 8.89348500517063, 0.0, 0.0, 0.0, 0.0, 7.859358841778697, 0.0, 0.0, 0.0, 0.0, 5.067218200620475, 0.0, 0.0, 0.0, 0.0, 5.170630816959669, 0.0, 0.0, 0.0, 0.0, 5.997931747673216, 0.0, 0.0, 0.0, 0.0, 4.446742502585315, 0.0, 0.0, 0.0, 0.0, 4.3433298862461225, 0.0, 0.0, 0.0, 0.0, 3.1023784901758016, 0.0, 0.0, 0.0, 0.0, 2.378490175801448, 0.0, 0.0, 0.0, 0.0, 2.1716649431230612, 0.0, 0.0, 0.0, 0.0, 2.2750775594622543, 0.0, 0.0, 0.0, 0.0, 0.7238883143743536, 0.0, 0.0, 0.0, 0.0, 1.1375387797311272, 0.0, 0.0, 0.0, 0.9307135470527405]"
29,1255.0,1233.0,1244.1718213058418,1245.0,"[0.3436426116838488, 0.0, 0.0, 0.0, 1.145475372279496, 0.0, 0.0, 0.0, 0.0, 2.86368843069874, 0.0, 0.0, 0.0, 2.405498281786942, 0.0, 0.0, 0.0, 0.0, 3.7800687285223367, 0.0, 0.0, 0.0, 2.978235967926689, 0.0, 0.0, 0.0, 0.0, 3.3218785796105386, 0.0, 0.0, 0.0, 3.5509736540664374, 0.0, 0.0, 0.0, 0.0, 4.925544100801833, 0.0, 0.0, 0.0, 6.0710194730813285, 0.0, 0.0, 0.0, 0.0, 7.789232531500573, 0.0, 0.0, 0.0, 0.0, 8.59106529209622, 0.0, 0.0, 0.0, 10.080183276059564, 0.0, 0.0, 0.0, 0.0, 11.45475372279496, 0.0, 0.0, 0.0, 9.278350515463918, 0.0, 0.0, 0.0, 0.0, 6.185567010309279, 0.0, 0.0, 0.0, 4.810996563573884, 0.0, 0.0, 0.0, 0.0, 2.978235967926689, 0.0, 0.0, 0.0, 2.290950744558992, 0.0, 0.0, 0.0, 0.0, 3.0927835051546393, 0.0, 0.0, 0.0, 1.718213058419244, 0.0, 0.0, 0.0, 0.0, 0.22909507445589922, 0.0, 0.0, 0.0, 0.11454753722794961]"
30,1248.0,1226.0,1237.358695652174,1237.0,"[0.08361204013377926, 0.0, 0.0, 0.0, 0.2508361204013378, 0.0, 0.0, 0.0, 0.0, 0.8361204013377926, 0.0, 0.0, 0.0, 0.8361204013377926, 0.0, 0.0, 0.0, 0.0, 1.3377926421404682, 0.0, 0.0, 0.0, 1.7558528428093645, 0.0, 0.0, 0.0, 0.0, 4.682274247491638, 0.0, 0.0, 0.0, 7.608695652173914, 0.0, 0.0, 0.0, 0.0, 10.869565217391305, 0.0, 0.0, 0.0, 10.117056856187292, 0.0, 0.0, 0.0, 0.0, 9.782608695652174, 0.0, 0.0, 0.0, 0.0, 7.5250836120401345, 0.0, 0.0, 0.0, 7.5250836120401345, 0.0, 0.0, 0.0, 0.0, 5.518394648829431, 0.0, 0.0, 0.0, 5.852842809364549, 0.0, 0.0, 0.0, 0.0, 5.60200668896321, 0.0, 0.0, 0.0, 5.60200668896321, 0.0, 0.0, 0.0, 0.0, 4.3478260869565215, 0.0, 0.0, 0.0, 5.016722408026756, 0.0, 0.0, 0.0, 0.0, 2.591973244147157, 0.0, 0.0, 0.0, 1.3377926421404682, 0.0, 0.0, 0.0, 0.0, 0.7525083612040134, 0.0, 0.0, 0.0, 0.16722408026755853]"
31,1249.0,1219.0,1235.4877384196186,1236.0,"[0.18165304268846502, 0.0, 0.0, 0.18165304268846502, 0.0, 0.0, 0.2724795640326975, 0.0, 0.0, 0.0, 0.2724795640326975, 0.0, 0.0, 1.08991825613079, 0.0, 0.0, 0.9990917347865577, 0.0, 0.0, 0.0, 2.633969118982743, 0.0, 0.0, 1.9073569482288828, 0.0, 0.0, 1.725703905540418, 0.0, 0.0, 0.0, 2.633969118982743, 0.0, 0.0, 2.633969118982743, 0.0, 0.0, 3.451407811080836, 0.0, 0.0, 0.0, 2.997275204359673, 0.0, 0.0, 6.357856494096276, 0.0, 0.0, 6.539509536784741, 0.0, 0.0, 0.0, 7.629427792915531, 0.0, 0.0, 7.901907356948229, 0.0, 0.0, 6.721162579473205, 0.0, 0.0, 0.0, 7.629427792915531, 0.0, 0.0, 6.811989100817439, 0.0, 0.0, 5.358764759309718, 0.0, 0.0, 0.0, 4.268846503178928, 0.0, 0.0, 4.178019981834695, 0.0, 0.0, 4.450499545867393, 0.0, 0.0, 0.0, 3.451407811080836, 0.0, 0.0, 3.5422343324250685, 0.0, 0.0, 2.2706630336058127, 0.0, 0.0, 0.0, 0.8174386920980926, 0.0, 0.0, 0.544959128065395, 0.0, 0.0, 0.36330608537693004, 0.0, 0.0, 0.18165304268846502]"
32,1244.0,0.0,1218.3014608233732,1230.0,"[1.0624169986719787, 0.0, 0.0, 0.0, 0.0, 0.0, 0.0, 0.0, 0.0, 0.0, 0.0, 0.0, 0.0, 0.0, 0.0, 0.0, 0.0, 0.0, 0.0, 0.0, 0.0, 0.0, 0.0, 0.0, 0.0, 0.0, 0.0, 0.0, 0.0, 0.0, 0.0, 0.0, 0.0, 0.0, 0.0, 0.0, 0.0, 0.0, 0.0, 0.0, 0.0, 0.0, 0.0, 0.0, 0.0, 0.0, 0.0, 0.0, 0.0, 0.0, 0.0, 0.0, 0.0, 0.0, 0.0, 0.0, 0.0, 0.0, 0.0, 0.0, 0.0, 0.0, 0.0, 0.0, 0.0, 0.0, 0.0, 0.0, 0.0, 0.0, 0.0, 0.0, 0.0, 0.0, 0.0, 0.0, 0.0, 0.0, 0.0, 0.0, 0.0, 0.0, 0.0, 0.0, 0.0, 0.0, 0.0, 0.0, 0.0, 0.0, 0.0, 0.0, 0.0, 0.0, 0.0, 0.0, 0.0, 0.33200531208499334, 57.23771580345286, 41.36786188579018]"
33,1272.0,1243.0,1258.0289361702128,1258.0,"[0.0851063829787234, 0.0, 0.0, 0.1702127659574468, 0.0, 0.0, 0.6808510638297872, 0.0, 0.0, 0.0, 1.0212765957446808, 0.0, 0.0, 1.1063829787234043, 0.0, 0.0, 0.0, 1.1063829787234043, 0.0, 0.0, 1.5319148936170213, 0.0, 0.0, 0.0, 1.9574468085106382, 0.0, 0.0, 3.3191489361702122, 0.0, 0.0, 0.0, 2.382978723404255, 0.0, 0.0, 3.6595744680851063, 0.0, 0.0, 4.595744680851064, 0.0, 0.0, 0.0, 5.361702127659575, 0.0, 0.0, 7.319148936170213, 0.0, 0.0, 0.0, 8.51063829787234, 0.0, 0.0, 9.02127659574468, 0.0, 0.0, 0.0, 7.48936170212766, 0.0, 0.0, 7.48936170212766, 0.0, 0.0, 0.0, 9.957446808510637, 0.0, 0.0, 6.6382978723404245, 0.0, 0.0, 6.6382978723404245, 0.0, 0.0, 0.0, 2.6382978723404253, 0.0, 0.0, 2.382978723404255, 0.0, 0.0, 0.0, 1.3617021276595744, 0.0, 0.0, 0.851063829787234, 0.0, 0.0, 0.0, 0.9361702127659575, 0.0, 0.0, 0.5957446808510638, 0.0, 0.0, 0.0, 0.851063829787234, 0.0, 0.0, 0.2553191489361702, 0.0, 0.0, 0.0851063829787234]"
34,1271.0,1248.0,1257.937148217636,1258.0,"[0.18761726078799248, 0.0, 0.0, 0.0, 0.7504690431519699, 0.0, 0.0, 0.0, 2.1575984990619137, 0.0, 0.0, 0.0, 0.0, 4.409005628517824, 0.0, 0.0, 0.0, 4.221388367729831, 0.0, 0.0, 0.0, 6.191369606003752, 0.0, 0.0, 0.0, 0.0, 5.909943714821764, 0.0, 0.0, 0.0, 4.971857410881801, 0.0, 0.0, 0.0, 7.410881801125703, 0.0, 0.0, 0.0, 0.0, 8.348968105065666, 0.0, 0.0, 0.0, 10.600375234521577, 0.0, 0.0, 0.0, 10.787992495309568, 0.0, 0.0, 0.0, 0.0, 8.911819887429644, 0.0, 0.0, 0.0, 5.534709193245779, 0.0, 0.0, 0.0, 4.690431519699812, 0.0, 0.0, 0.0, 0.0, 5.347091932457786, 0.0, 0.0, 0.0, 3.6585365853658534, 0.0, 0.0, 0.0, 1.125703564727955, 0.0, 0.0, 0.0, 0.0, 0.8442776735459663, 0.0, 0.0, 0.0, 1.3133208255159476, 0.0, 0.0, 0.0, 0.7504690431519699, 0.0, 0.0, 0.0, 0.0, 0.8442776735459663, 0.0, 0.0, 0.0, 0.8442776735459663, 0.0, 0.0, 0.0, 0.18761726078799248]"
35,1267.0,1244.0,1257.4466446644665,1258.0,"[0.11001100110011, 0.0, 0.0, 0.0, 1.54015401540154, 0.0, 0.0, 0.0, 2.0902090209020905, 0.0, 0.0, 0.0, 0.0, 1.1001100110011002, 0.0, 0.0, 0.0, 1.1001100110011002, 0.0, 0.0, 0.0, 0.9900990099009901, 0.0, 0.0, 0.0, 0.0, 1.9801980198019802, 0.0, 0.0, 0.0, 1.9801980198019802, 0.0, 0.0, 0.0, 2.2002200220022003, 0.0, 0.0, 0.0, 0.0, 3.850385038503851, 0.0, 0.0, 0.0, 6.380638063806381, 0.0, 0.0, 0.0, 9.02090209020902, 0.0, 0.0, 0.0, 0.0, 8.47084708470847, 0.0, 0.0, 0.0, 7.81078107810781, 0.0, 0.0, 0.0, 7.15071507150715, 0.0, 0.0, 0.0, 0.0, 7.48074807480748, 0.0, 0.0, 0.0, 7.2607260726072615, 0.0, 0.0, 0.0, 7.37073707370737, 0.0, 0.0, 0.0, 0.0, 9.24092409240924, 0.0, 0.0, 0.0, 4.400440044004401, 0.0, 0.0, 0.0, 3.08030803080308, 0.0, 0.0, 0.0, 0.0, 2.6402640264026402, 0.0, 0.0, 0.0, 1.9801980198019802, 0.0, 0.0, 0.0, 0.77007700770077]"
36,1264.0,1246.0,1256.1603053435115,1257.0,"[0.10905125408942204, 0.0, 0.0, 0.0, 0.0, 0.7633587786259541, 0.0, 0.0, 0.0, 0.0, 0.0, 2.1810250817884405, 0.0, 0.0, 0.0, 0.0, 4.0348964013086155, 0.0, 0.0, 0.0, 0.0, 0.0, 4.0348964013086155, 0.0, 0.0, 0.0, 0.0, 4.471101417666303, 0.0, 0.0, 0.0, 0.0, 0.0, 4.252998909487459, 0.0, 0.0, 0.0, 0.0, 3.271537622682661, 0.0, 0.0, 0.0, 0.0, 0.0, 4.362050163576881, 0.0, 0.0, 0.0, 0.0, 0.0, 8.287895310796074, 0.0, 0.0, 0.0, 0.0, 13.413304252998909, 0.0, 0.0, 0.0, 0.0, 0.0, 13.086150490730644, 0.0, 0.0, 0.0, 0.0, 10.25081788440567, 0.0, 0.0, 0.0, 0.0, 0.0, 7.851690294438386, 0.0, 0.0, 0.0, 0.0, 5.779716466739368, 0.0, 0.0, 0.0, 0.0, 0.0, 6.2159214830970555, 0.0, 0.0, 0.0, 0.0, 4.907306434023991, 0.0, 0.0, 0.0, 0.0, 0.0, 2.5081788440567068, 0.0, 0.0, 0.0, 0.0, 0.21810250817884408]"
37,1264.0,1250.0,1257.6636771300448,1258.0,"[0.14947683109118087, 0.0, 0.0, 0.0, 0.0, 0.0, 0.0, 2.092675635276532, 0.0, 0.0, 0.0, 0.0, 0.0, 0.0, 2.5411061285500747, 0.0, 0.0, 0.0, 0.0, 0.0, 0.0, 5.082212257100149, 0.0, 0.0, 0.0, 0.0, 0.0, 0.0, 8.520179372197308, 0.0, 0.0, 0.0, 0.0, 0.0, 0.0, 8.968609865470851, 0.0, 0.0, 0.0, 0.0, 0.0, 0.0, 9.417040358744394, 0.0, 0.0, 0.0, 0.0, 0.0, 0.0, 0.0, 11.80866965620329, 0.0, 0.0, 0.0, 0.0, 0.0, 0.0, 10.014947683109119, 0.0, 0.0, 0.0, 0.0, 0.0, 0.0, 7.922272047832586, 0.0, 0.0, 0.0, 0.0, 0.0, 0.0, 10.612855007473842, 0.0, 0.0, 0.0, 0.0, 0.0, 0.0, 11.659192825112108, 0.0, 0.0, 0.0, 0.0, 0.0, 0.0, 7.025411061285501, 0.0, 0.0, 0.0, 0.0, 0.0, 0.0, 2.8400597907324365, 0.0, 0.0, 0.0, 0.0, 0.0, 0.0, 1.345291479820628]"
38,1264.0,1245.0,1255.9818181818182,1256.0,"[0.9090909090909091, 0.0, 0.0, 0.0, 0.0, 2.0779220779220777, 0.0, 0.0, 0.0, 0.0, 1.948051948051948, 0.0, 0.0, 0.0, 0.0, 1.6883116883116882, 0.0, 0.0, 0.0, 0.0, 0.0, 2.0779220779220777, 0.0, 0.0, 0.0, 0.0, 1.948051948051948, 0.0, 0.0, 0.0, 0.0, 2.857142857142857, 0.0, 0.0, 0.0, 0.0, 2.857142857142857, 0.0, 0.0, 0.0, 0.0, 0.0, 5.194805194805195, 0.0, 0.0, 0.0, 0.0, 6.363636363636363, 0.0, 0.0, 0.0, 0.0, 11.688311688311687, 0.0, 0.0, 0.0, 0.0, 12.337662337662337, 0.0, 0.0, 0.0, 0.0, 0.0, 10.519480519480519, 0.0, 0.0, 0.0, 0.0, 10.909090909090908, 0.0, 0.0, 0.0, 0.0, 8.831168831168831, 0.0, 0.0, 0.0, 0.0, 7.402597402597403, 0.0, 0.0, 0.0, 0.0, 0.0, 3.506493506493506, 0.0, 0.0, 0.0, 0.0, 2.5974025974025974, 0.0, 0.0, 0.0, 0.0, 3.896103896103896, 0.0, 0.0, 0.0, 0.0, 0.38961038961038963]"
39,1263.0,1245.0,1254.553664921466,1255.0,"[0.5235602094240838, 0.0, 0.0, 0.0, 0.0, 2.225130890052356, 0.0, 0.0, 0.0, 0.0, 0.0, 1.3089005235602094, 0.0, 0.0, 0.0, 0.0, 1.5706806282722512, 0.0, 0.0, 0.0, 0.0, 0.0, 2.6178010471204187, 0.0, 0.0, 0.0, 0.0, 2.486910994764398, 0.0, 0.0, 0.0, 0.0, 0.0, 5.104712041884817, 0.0, 0.0, 0.0, 0.0, 10.732984293193718, 0.0, 0.0, 0.0, 0.0, 0.0, 9.031413612565444, 0.0, 0.0, 0.0, 0.0, 0.0, 12.041884816753926, 0.0, 0.0, 0.0, 0.0, 12.696335078534032, 0.0, 0.0, 0.0, 0.0, 0.0, 10.863874345549739, 0.0, 0.0, 0.0, 0.0, 9.947643979057592, 0.0, 0.0, 0.0, 0.0, 0.0, 7.722513089005235, 0.0, 0.0, 0.0, 0.0, 3.5340314136125657, 0.0, 0.0, 0.0, 0.0, 0.0, 3.4031413612565444, 0.0, 0.0, 0.0, 0.0, 1.832460732984293, 0.0, 0.0, 0.0, 0.0, 0.0, 1.963350785340314, 0.0, 0.0, 0.0, 0.0, 0.3926701570680628]"
40,1259.0,1236.0,1245.935125115848,1246.0,"[0.9267840593141797, 0.0, 0.0, 0.0, 2.131603336422614, 0.0, 0.0, 0.0, 2.9657089898053752, 0.0, 0.0, 0.0, 0.0, 2.3169601482854496, 0.0, 0.0, 0.0, 3.5217794253938832, 0.0, 0.0, 0.0, 5.282669138090825, 0.0, 0.0, 0.0, 0.0, 4.819277108433735, 0.0, 0.0, 0.0, 4.911955514365153, 0.0, 0.0, 0.0, 10.009267840593141, 0.0, 0.0, 0.0, 0.0, 11.214087117701576, 0.0, 0.0, 0.0, 8.155699721964782, 0.0, 0.0, 0.0, 6.672845227062095, 0.0, 0.0, 0.0, 0.0, 6.765523632993513, 0.0, 0.0, 0.0, 7.414272474513438, 0.0, 0.0, 0.0, 7.0435588507877664, 0.0, 0.0, 0.0, 0.0, 4.819277108433735, 0.0, 0.0, 0.0, 3.985171455050973, 0.0, 0.0, 0.0, 3.707136237256719, 0.0, 0.0, 0.0, 0.0, 1.8535681186283595, 0.0, 0.0, 0.0, 0.5560704355885079, 0.0, 0.0, 0.0, 0.3707136237256719, 0.0, 0.0, 0.0, 0.0, 0.18535681186283595, 0.0, 0.0, 0.0, 0.27803521779425394, 0.0, 0.0, 0.0, 0.09267840593141798]"
41,1260.0,1236.0,1247.7820069204151,1248.0,"[0.11534025374855825, 0.0, 0.0, 0.0, 0.2306805074971165, 0.0, 0.0, 0.0, 0.5767012687427913, 0.0, 0.0, 0.0, 1.4994232987312572, 0.0, 0.0, 0.0, 3.229527104959631, 0.0, 0.0, 0.0, 1.9607843137254901, 0.0, 0.0, 0.0, 0.0, 3.690888119953864, 0.0, 0.0, 0.0, 6.228373702422145, 0.0, 0.0, 0.0, 6.228373702422145, 0.0, 0.0, 0.0, 9.111880046136102, 0.0, 0.0, 0.0, 8.073817762399077, 0.0, 0.0, 0.0, 8.073817762399077, 0.0, 0.0, 0.0, 0.0, 11.76470588235294, 0.0, 0.0, 0.0, 6.459054209919262, 0.0, 0.0, 0.0, 5.536332179930796, 0.0, 0.0, 0.0, 6.228373702422145, 0.0, 0.0, 0.0, 6.113033448673587, 0.0, 0.0, 0.0, 3.690888119953864, 0.0, 0.0, 0.0, 0.0, 2.0761245674740483, 0.0, 0.0, 0.0, 1.9607843137254901, 0.0, 0.0, 0.0, 2.6528258362168398, 0.0, 0.0, 0.0, 1.9607843137254901, 0.0, 0.0, 0.0, 1.7301038062283738, 0.0, 0.0, 0.0, 0.461361014994233, 0.0, 0.0, 0.0, 0.34602076124567477]"
42,1251.0,1231.0,1240.1079429735234,1241.0,"[0.10183299389002036, 0.0, 0.0, 0.0, 0.0, 2.240325865580448, 0.0, 0.0, 0.0, 0.0, 5.8044806517311605, 0.0, 0.0, 0.0, 0.0, 5.295315682281059, 0.0, 0.0, 0.0, 0.0, 5.906313645621181, 0.0, 0.0, 0.0, 0.0, 4.786150712830957, 0.0, 0.0, 0.0, 0.0, 5.7026476578411405, 0.0, 0.0, 0.0, 0.0, 4.378818737270876, 0.0, 0.0, 0.0, 0.0, 4.378818737270876, 0.0, 0.0, 0.0, 0.0, 7.128309572301425, 0.0, 0.0, 0.0, 0.0, 9.266802443991853, 0.0, 0.0, 0.0, 0.0, 13.034623217922606, 0.0, 0.0, 0.0, 0.0, 10.9979633401222, 0.0, 0.0, 0.0, 0.0, 7.433808553971486, 0.0, 0.0, 0.0, 0.0, 5.906313645621181, 0.0, 0.0, 0.0, 0.0, 3.6659877800407332, 0.0, 0.0, 0.0, 0.0, 1.8329938900203666, 0.0, 0.0, 0.0, 0.0, 1.3238289205702647, 0.0, 0.0, 0.0, 0.0, 0.40733197556008144, 0.0, 0.0, 0.0, 0.0, 0.20366598778004072, 0.0, 0.0, 0.0, 0.20366598778004072]"
43,1248.0,0.0,1217.9693486590038,1236.0,"[1.3793103448275863, 0.0, 0.0, 0.0, 0.0, 0.0, 0.0, 0.0, 0.0, 0.0, 0.0, 0.0, 0.0, 0.0, 0.0, 0.0, 0.0, 0.0, 0.0, 0.0, 0.0, 0.0, 0.0, 0.0, 0.0, 0.0, 0.0, 0.0, 0.0, 0.0, 0.0, 0.0, 0.0, 0.0, 0.0, 0.0, 0.0, 0.0, 0.0, 0.0, 0.0, 0.0, 0.0, 0.0, 0.0, 0.0, 0.0, 0.0, 0.0, 0.0, 0.0, 0.0, 0.0, 0.0, 0.0, 0.0, 0.0, 0.0, 0.0, 0.0, 0.0, 0.0, 0.0, 0.0, 0.0, 0.0, 0.0, 0.0, 0.0, 0.0, 0.0, 0.0, 0.0, 0.0, 0.0, 0.0, 0.0, 0.0, 0.0, 0.0, 0.0, 0.0, 0.0, 0.0, 0.0, 0.0, 0.0, 0.0, 0.0, 0.0, 0.0, 0.0, 0.0, 0.0, 0.0, 0.0, 0.0, 0.07662835249042146, 48.50574712643678, 50.038314176245215]"
44,1280.0,1238.0,1257.9375838926173,1258.0,"[0.06711409395973154, 0.0, 0.1342281879194631, 0.0, 0.33557046979865773, 0.0, 0.0, 0.4026845637583893, 0.0, 0.738255033557047, 0.0, 0.6711409395973155, 0.0, 0.0, 0.738255033557047, 0.0, 0.9395973154362416, 0.0, 0.0, 1.2080536912751678, 0.0, 1.2751677852348993, 0.0, 1.006711409395973, 0.0, 0.0, 1.8120805369127517, 0.0, 2.2818791946308723, 0.0, 3.7583892617449663, 0.0, 0.0, 3.8926174496644297, 0.0, 4.3624161073825505, 0.0, 0.0, 6.308724832214765, 0.0, 5.503355704697987, 0.0, 6.845637583892618, 0.0, 0.0, 7.248322147651007, 0.0, 6.510067114093959, 0.0, 0.0, 6.97986577181208, 0.0, 4.563758389261745, 0.0, 3.9597315436241614, 0.0, 0.0, 4.832214765100671, 0.0, 4.832214765100671, 0.0, 3.2885906040268456, 0.0, 0.0, 3.1543624161073827, 0.0, 2.1476510067114094, 0.0, 0.0, 2.0805369127516777, 0.0, 1.6778523489932886, 0.0, 1.006711409395973, 0.0, 0.0, 1.006711409395973, 0.0, 0.5369127516778524, 0.0, 0.5369127516778524, 0.0, 0.0, 0.738255033557047, 0.0, 0.5369127516778524, 0.0, 0.0, 0.6711409395973155, 0.0, 0.33557046979865773, 0.0, 0.4026845637583893, 0.0, 0.0, 0.2684563758389262, 0.0, 0.33557046979865773, 0.0, 0.06711409395973154]"
45,1280.0,1260.0,1267.4076015727392,1267.0,"[0.1310615989515072, 0.0, 0.0, 0.0, 0.0, 2.0969855832241153, 0.0, 0.0, 0.0, 0.0, 4.062909567496723, 0.0, 0.0, 0.0, 0.0, 6.028833551769332, 0.0, 0.0, 0.0, 0.0, 9.567496723460026, 0.0, 0.0, 0.0, 0.0, 13.368283093053734, 0.0, 0.0, 0.0, 0.0, 10.615989515072084, 0.0, 0.0, 0.0, 0.0, 10.747051114023591, 0.0, 0.0, 0.0, 0.0, 8.781127129750983, 0.0, 0.0, 0.0, 0.0, 7.863695937090433, 0.0, 0.0, 0.0, 0.0, 6.946264744429882, 0.0, 0.0, 0.0, 0.0, 4.587155963302752, 0.0, 0.0, 0.0, 0.0, 5.6356487549148095, 0.0, 0.0, 0.0, 0.0, 2.7522935779816518, 0.0, 0.0, 0.0, 0.0, 2.490170380078637, 0.0, 0.0, 0.0, 0.0, 2.0969855832241153, 0.0, 0.0, 0.0, 0.0, 1.0484927916120577, 0.0, 0.0, 0.0, 0.0, 0.655307994757536, 0.0, 0.0, 0.0, 0.0, 0.2621231979030144, 0.0, 0.0, 0.0, 0.0, 0.1310615989515072, 0.0, 0.0, 0.0, 0.1310615989515072]"
46,1277.0,1259.0,1267.2238307349667,1267.0,"[1.2249443207126949, 0.0, 0.0, 0.0, 0.0, 2.4498886414253898, 0.0, 0.0, 0.0, 0.0, 0.0, 3.5634743875278394, 0.0, 0.0, 0.0, 0.0, 6.124721603563475, 0.0, 0.0, 0.0, 0.0, 0.0, 8.797327394209354, 0.0, 0.0, 0.0, 0.0, 8.240534521158128, 0.0, 0.0, 0.0, 0.0, 0.0, 9.020044543429844, 0.0, 0.0, 0.0, 0.0, 6.45879732739421, 0.0, 0.0, 0.0, 0.0, 0.0, 6.904231625835189, 0.0, 0.0, 0.0, 0.0, 0.0, 6.904231625835189, 0.0, 0.0, 0.0, 0.0, 8.463251670378618, 0.0, 0.0, 0.0, 0.0, 0.0, 7.015590200445435, 0.0, 0.0, 0.0, 0.0, 7.2383073496659245, 0.0, 0.0, 0.0, 0.0, 0.0, 5.233853006681515, 0.0, 0.0, 0.0, 0.0, 6.013363028953229, 0.0, 0.0, 0.0, 0.0, 0.0, 3.0066815144766146, 0.0, 0.0, 0.0, 0.0, 1.893095768374165, 0.0, 0.0, 0.0, 0.0, 0.0, 1.0022271714922049, 0.0, 0.0, 0.0, 0.0, 0.4454342984409799]"
47,1275.0,1259.0,1269.0809968847352,1270.0,"[0.46728971962616817, 0.0, 0.0, 0.0, 0.0, 0.0, 0.778816199376947, 0.0, 0.0, 0.0, 0.0, 0.0, 1.8691588785046727, 0.0, 0.0, 0.0, 0.0, 0.0, 2.64797507788162, 0.0, 0.0, 0.0, 0.0, 0.0, 0.0, 1.557632398753894, 0.0, 0.0, 0.0, 0.0, 0.0, 2.803738317757009, 0.0, 0.0, 0.0, 0.0, 0.0, 3.4267912772585665, 0.0, 0.0, 0.0, 0.0, 0.0, 7.320872274143301, 0.0, 0.0, 0.0, 0.0, 0.0, 0.0, 10.43613707165109, 0.0, 0.0, 0.0, 0.0, 0.0, 8.722741433021806, 0.0, 0.0, 0.0, 0.0, 0.0, 9.657320872274143, 0.0, 0.0, 0.0, 0.0, 0.0, 9.345794392523365, 0.0, 0.0, 0.0, 0.0, 0.0, 0.0, 12.149532710280374, 0.0, 0.0, 0.0, 0.0, 0.0, 12.616822429906541, 0.0, 0.0, 0.0, 0.0, 0.0, 11.526479750778815, 0.0, 0.0, 0.0, 0.0, 0.0, 3.7383177570093453, 0.0, 0.0, 0.0, 0.0, 0.0, 0.9345794392523363]"
48,1274.0,1258.0,1265.2529335071708,1265.0,"[0.5215123859191656, 0.0, 0.0, 0.0, 0.0, 0.0, 2.8683181225554106, 0.0, 0.0, 0.0, 0.0, 0.0, 4.954367666232073, 0.0, 0.0, 0.0, 0.0, 0.0, 4.432855280312908, 0.0, 0.0, 0.0, 0.0, 0.0, 0.0, 8.996088657105608, 0.0, 0.0, 0.0, 0.0, 0.0, 11.082138200782268, 0.0, 0.0, 0.0, 0.0, 0.0, 13.168187744458931, 0.0, 0.0, 0.0, 0.0, 0.0, 12.646675358539767, 0.0, 0.0, 0.0, 0.0, 0.0, 0.0, 9.778357235984354, 0.0, 0.0, 0.0, 0.0, 0.0, 6.6492829204693615, 0.0, 0.0, 0.0, 0.0, 0.0, 5.736636245110821, 0.0, 0.0, 0.0, 0.0, 0.0, 5.736636245110821, 0.0, 0.0, 0.0, 0.0, 0.0, 0.0, 4.69361147327249, 0.0, 0.0, 0.0, 0.0, 0.0, 2.607561929595828, 0.0, 0.0, 0.0, 0.0, 0.0, 2.0860495436766624, 0.0, 0.0, 0.0, 0.0, 0.0, 2.346805736636245, 0.0, 0.0, 0.0, 0.0, 0.0, 1.694915254237288]"
49,1269.0,1256.0,1263.5633802816901,1264.0,"[0.7042253521126761, 0.0, 0.0, 0.0, 0.0, 0.0, 0.0, 1.4084507042253522, 0.0, 0.0, 0.0, 0.0, 0.0, 0.0, 0.0, 1.643192488262911, 0.0, 0.0, 0.0, 0.0, 0.0, 0.0, 0.0, 4.460093896713615, 0.0, 0.0, 0.0, 0.0, 0.0, 0.0, 3.755868544600939, 0.0, 0.0, 0.0, 0.0, 0.0, 0.0, 0.0, 8.215962441314554, 0.0, 0.0, 0.0, 0.0, 0.0, 0.0, 0.0, 8.215962441314554, 0.0, 0.0, 0.0, 0.0, 0.0, 0.0, 14.084507042253522, 0.0, 0.0, 0.0, 0.0, 0.0, 0.0, 0.0, 18.544600938967136, 0.0, 0.0, 0.0, 0.0, 0.0, 0.0, 0.0, 14.788732394366196, 0.0, 0.0, 0.0, 0.0, 0.0, 0.0, 14.788732394366196, 0.0, 0.0, 0.0, 0.0, 0.0, 0.0, 0.0, 8.215962441314554, 0.0, 0.0, 0.0, 0.0, 0.0, 0.0, 0.0, 0.7042253521126761, 0.0, 0.0, 0.0, 0.0, 0.0, 0.0, 0.4694835680751174]"
50,1266.0,1253.0,1259.8824531516184,1260.0,"[0.5110732538330494, 0.0, 0.0, 0.0, 0.0, 0.0, 0.0, 2.555366269165247, 0.0, 0.0, 0.0, 0.0, 0.0, 0.0, 0.0, 3.2367972742759794, 0.0, 0.0, 0.0, 0.0, 0.0, 0.0, 0.0, 4.770017035775128, 0.0, 0.0, 0.0, 0.0, 0.0, 0.0, 9.028960817717206, 0.0, 0.0, 0.0, 0.0, 0.0, 0.0, 0.0, 10.732538330494037, 0.0, 0.0, 0.0, 0.0, 0.0, 0.0, 0.0, 15.502555366269167, 0.0, 0.0, 0.0, 0.0, 0.0, 0.0, 14.139693356047701, 0.0, 0.0, 0.0, 0.0, 0.0, 0.0, 0.0, 10.732538330494037, 0.0, 0.0, 0.0, 0.0, 0.0, 0.0, 0.0, 8.17717206132879, 0.0, 0.0, 0.0, 0.0, 0.0, 0.0, 9.028960817717206, 0.0, 0.0, 0.0, 0.0, 0.0, 0.0, 0.0, 6.643952299829642, 0.0, 0.0, 0.0, 0.0, 0.0, 0.0, 0.0, 3.9182282793867125, 0.0, 0.0, 0.0, 0.0, 0.0, 0.0, 1.0221465076660987]"
51,1267.0,1247.0,1254.3229050279328,1254.0,"[0.782122905027933, 0.0, 0.0, 0.0, 0.0, 2.1229050279329607, 0.0, 0.0, 0.0, 0.0, 5.363128491620111, 0.0, 0.0, 0.0, 0.0, 8.603351955307263, 0.0, 0.0, 0.0, 0.0, 8.938547486033519, 0.0, 0.0, 0.0, 0.0, 11.508379888268157, 0.0, 0.0, 0.0, 0.0, 11.843575418994414, 0.0, 0.0, 0.0, 0.0, 7.374301675977654, 0.0, 0.0, 0.0, 0.0, 7.262569832402235, 0.0, 0.0, 0.0, 0.0, 6.815642458100559, 0.0, 0.0, 0.0, 0.0, 8.268156424581004, 0.0, 0.0, 0.0, 0.0, 4.916201117318435, 0.0, 0.0, 0.0, 0.0, 5.363128491620111, 0.0, 0.0, 0.0, 0.0, 3.910614525139665, 0.0, 0.0, 0.0, 0.0, 2.4581005586592175, 0.0, 0.0, 0.0, 0.0, 2.011173184357542, 0.0, 0.0, 0.0, 0.0, 1.005586592178771, 0.0, 0.0, 0.0, 0.0, 0.8938547486033519, 0.0, 0.0, 0.0, 0.0, 0.33519553072625696, 0.0, 0.0, 0.0, 0.0, 0.11173184357541899, 0.0, 0.0, 0.0, 0.11173184357541899]"
52,1266.0,0.0,1234.4385474860335,1253.0,"[1.536312849162011, 0.0, 0.0, 0.0, 0.0, 0.0, 0.0, 0.0, 0.0, 0.0, 0.0, 0.0, 0.0, 0.0, 0.0, 0.0, 0.0, 0.0, 0.0, 0.0, 0.0, 0.0, 0.0, 0.0, 0.0, 0.0, 0.0, 0.0, 0.0, 0.0, 0.0, 0.0, 0.0, 0.0, 0.0, 0.0, 0.0, 0.0, 0.0, 0.0, 0.0, 0.0, 0.0, 0.0, 0.0, 0.0, 0.0, 0.0, 0.0, 0.0, 0.0, 0.0, 0.0, 0.0, 0.0, 0.0, 0.0, 0.0, 0.0, 0.0, 0.0, 0.0, 0.0, 0.0, 0.0, 0.0, 0.0, 0.0, 0.0, 0.0, 0.0, 0.0, 0.0, 0.0, 0.0, 0.0, 0.0, 0.0, 0.0, 0.0, 0.0, 0.0, 0.0, 0.0, 0.0, 0.0, 0.0, 0.0, 0.0, 0.0, 0.0, 0.0, 0.0, 0.0, 0.0, 0.0, 0.0, 0.0, 49.022346368715084, 49.44134078212291]"
53,1258.0,1232.0,1242.5013824884793,1242.0,"[0.09216589861751152, 0.0, 0.0, 0.6451612903225806, 0.0, 0.0, 0.0, 3.963133640552995, 0.0, 0.0, 0.0, 3.5944700460829497, 0.0, 0.0, 0.0, 4.331797235023042, 0.0, 0.0, 0.0, 5.253456221198157, 0.0, 0.0, 0.0, 7.741935483870968, 0.0, 0.0, 7.557603686635944, 0.0, 0.0, 0.0, 7.834101382488479, 0.0, 0.0, 0.0, 6.912442396313365, 0.0, 0.0, 0.0, 6.451612903225806, 0.0, 0.0, 0.0, 7.465437788018433, 0.0, 0.0, 0.0, 5.990783410138248, 0.0, 0.0, 0.0, 4.423963133640553, 0.0, 0.0, 4.7926267281106, 0.0, 0.0, 0.0, 3.963133640552995, 0.0, 0.0, 0.0, 2.7649769585253456, 0.0, 0.0, 0.0, 3.133640552995392, 0.0, 0.0, 0.0, 3.410138248847926, 0.0, 0.0, 0.0, 2.1198156682027647, 0.0, 0.0, 3.133640552995392, 0.0, 0.0, 0.0, 1.935483870967742, 0.0, 0.0, 0.0, 0.8294930875576038, 0.0, 0.0, 0.0, 0.7373271889400922, 0.0, 0.0, 0.0, 0.5529953917050692, 0.0, 0.0, 0.0, 0.18433179723502305, 0.0, 0.0, 0.18433179723502305]"
54,1249.0,1223.0,1234.6617900172116,1234.0,"[0.08605851979345956, 0.0, 0.0, 0.25817555938037867, 0.0, 0.0, 0.0, 1.0327022375215147, 0.0, 0.0, 0.0, 2.8399311531841653, 0.0, 0.0, 0.0, 2.9259896729776247, 0.0, 0.0, 0.0, 4.905335628227195, 0.0, 0.0, 0.0, 6.454388984509467, 0.0, 0.0, 6.540447504302927, 0.0, 0.0, 0.0, 8.261617900172118, 0.0, 0.0, 0.0, 7.573149741824441, 0.0, 0.0, 0.0, 8.089500860585199, 0.0, 0.0, 0.0, 6.626506024096386, 0.0, 0.0, 0.0, 4.475043029259897, 0.0, 0.0, 0.0, 4.905335628227195, 0.0, 0.0, 3.4423407917383817, 0.0, 0.0, 0.0, 4.388984509466437, 0.0, 0.0, 0.0, 5.679862306368331, 0.0, 0.0, 0.0, 4.819277108433735, 0.0, 0.0, 0.0, 2.667814113597246, 0.0, 0.0, 0.0, 4.216867469879518, 0.0, 0.0, 2.323580034423408, 0.0, 0.0, 0.0, 2.4096385542168677, 0.0, 0.0, 0.0, 1.8932874354561102, 0.0, 0.0, 0.0, 1.8932874354561102, 0.0, 0.0, 0.0, 0.6024096385542169, 0.0, 0.0, 0.0, 0.5163511187607573, 0.0, 0.0, 0.17211703958691912]"
